level4,level3,level2
0020,0020,002
0029,0029,002
0030,0030,003
0031,0031,003
00324,0032,003
00329,0032,003
0038,0038,003
0039,0039,003
0040,0040,004
0041,0041,004
0043,0043,004
0048,0048,004
0049,0049,004
0050,0050,005
00581,0058,005
00589,0058,005
0059,0059,005
0062,0062,006
0068,0068,006
0069,0069,006
0071,0071,007
0074,0074,007
0078,0078,007
00800,0080,008
00804,0080,008
00809,0080,008
0083,0083,008
00841,0084,008
00843,0084,008
00844,0084,008
00845,0084,008
00846,0084,008
00847,0084,008
00849,0084,008
0085,0085,008
00861,0086,008
00862,0086,008
00863,0086,008
00867,0086,008
00869,0086,008
0088,0088,008
0090,0090,009
0091,0091,009
0092,0092,009
0093,0093,009
01005,0100,010
01083,0108,010
01120,0112,011
01123,0112,011
01124,0112,011
01126,0112,011
01140,0114,011
01160,0116,011
01163,0116,011
01164,0116,011
01180,0118,011
01186,0118,011
01190,0119,011
01191,0119,011
01192,0119,011
01193,0119,011
01194,0119,011
01195,0119,011
01196,0119,011
01200,0120,012
01202,0120,012
01203,0120,012
01204,0120,012
01205,0120,012
01206,0120,012
01215,0121,012
01300,0130,013
01304,0130,013
01320,0132,013
01325,0132,013
01326,0132,013
01330,0133,013
01354,0135,013
01400,0140,014
01402,0140,014
01405,0140,014
01480,0148,014
01485,0148,014
01500,0150,015
01501,0150,015
01502,0150,015
01504,0150,015
01505,0150,015
01522,0152,015
01600,0160,016
01690,0169,016
01720,0172,017
01722,0172,017
01724,0172,017
01730,0173,017
01792,0179,017
01796,0179,017
01803,0180,018
01804,0180,018
01880,0188,018
01890,0189,018
01893,0189,018
01894,0189,018
01895,0189,018
01896,0189,018
0218,0218,021
0239,0239,023
025,025,025
0270,0270,027
0272,0272,027
0279,0279,027
0309,0309,030
0310,0310,031
0311,0311,031
0312,0312,031
0318,0318,031
0319,0319,031
03284,0328,032
03285,0328,032
03289,0328,032
0329,0329,032
0339,0339,033
0340,0340,034
035,035,035
0360,0360,036
0361,0361,036
0362,0362,036
0380,0380,038
03810,0381,038
03811,0381,038
03812,0381,038
03819,0381,038
0382,0382,038
0383,0383,038
03840,0384,038
03841,0384,038
03842,0384,038
03843,0384,038
03844,0384,038
03849,0384,038
0388,0388,038
0389,0389,038
0390,0390,039
0391,0391,039
0392,0392,039
0393,0393,039
0398,0398,039
0400,0400,040
04082,0408,040
04089,0408,040
04100,0410,041
04101,0410,041
04102,0410,041
04103,0410,041
04104,0410,041
04105,0410,041
04109,0410,041
04110,0411,041
04111,0411,041
04112,0411,041
04119,0411,041
0412,0412,041
0413,0413,041
0414,0414,041
04149,0414,041
0415,0415,041
0416,0416,041
0417,0417,041
04181,0418,041
04182,0418,041
04183,0418,041
04184,0418,041
04185,0418,041
04186,0418,041
04189,0418,041
0419,0419,041
042,042,042
04590,0459,045
04619,0461,046
0463,0463,046
04671,0467,046
04672,0467,046
0478,0478,047
0479,0479,047
048,048,048
0490,0490,049
0491,0491,049
0498,0498,049
0499,0499,049
0520,0520,052
0521,0521,052
0522,0522,052
0527,0527,052
0529,0529,052
0530,0530,053
05310,0531,053
05311,0531,053
05312,0531,053
05313,0531,053
05314,0531,053
05319,0531,053
05320,0532,053
05321,0532,053
05322,0532,053
05329,0532,053
05371,0537,053
05379,0537,053
0538,0538,053
0539,0539,053
0540,0540,054
05410,0541,054
05411,0541,054
05412,0541,054
05413,0541,054
05419,0541,054
0542,0542,054
0543,0543,054
05440,0544,054
05442,0544,054
05443,0544,054
05444,0544,054
05449,0544,054
0545,0545,054
0546,0546,054
05472,0547,054
05473,0547,054
05474,0547,054
05479,0547,054
0549,0549,054
0559,0559,055
0569,0569,056
0578,0578,057
0579,0579,057
05821,0582,058
05829,0582,058
05881,0588,058
05889,0588,058
05910,0591,059
061,061,061
0654,0654,065
0661,0661,066
0663,0663,066
06640,0664,066
06641,0664,066
06642,0664,066
0669,0669,066
0700,0700,070
0701,0701,070
07020,0702,070
07022,0702,070
07030,0703,070
07031,0703,070
07032,0703,070
07033,0703,070
07041,0704,070
07044,0704,070
07049,0704,070
07051,0705,070
07052,0705,070
07053,0705,070
07054,0705,070
07059,0705,070
07070,0707,070
07071,0707,070
0709,0709,070
07421,0742,074
0748,0748,074
075,075,075
0774,0774,077
0778,0778,077
07798,0779,077
07799,0779,077
0780,0780,078
07810,0781,078
07811,0781,078
07812,0781,078
07819,0781,078
0785,0785,078
07881,0788,078
07888,0788,078
07889,0788,078
0790,0790,079
0793,0793,079
0794,0794,079
07951,0795,079
07952,0795,079
07953,0795,079
0796,0796,079
07981,0798,079
07983,0798,079
07988,0798,079
07989,0798,079
07998,0799,079
07999,0799,079
0820,0820,082
08240,0824,082
08249,0824,082
0830,0830,083
0839,0839,083
0840,0840,084
0841,0841,084
0843,0843,084
0844,0844,084
0846,0846,084
0849,0849,084
0859,0859,085
0860,0860,086
0862,0862,086
0879,0879,087
0880,0880,088
08881,0888,088
08882,0888,088
08889,0888,088
0909,0909,090
0910,0910,091
0912,0912,091
0913,0913,091
09150,0915,091
09152,0915,091
0919,0919,091
0929,0929,092
0931,0931,093
09322,0932,093
0940,0940,094
0941,0941,094
0942,0942,094
0943,0943,094
09482,0948,094
09484,0948,094
09485,0948,094
09489,0948,094
0949,0949,094
0953,0953,095
096,096,096
0971,0971,097
0979,0979,097
0980,0980,098
09817,0981,098
09837,0983,098
09850,0985,098
0986,0986,098
0987,0987,098
09886,0988,098
0990,0990,099
0991,0991,099
0993,0993,099
09941,0994,099
09950,0995,099
09952,0995,099
09953,0995,099
09954,0995,099
09955,0995,099
1040,1040,104
1100,1100,110
1101,1101,110
1102,1102,110
1103,1103,110
1104,1104,110
1105,1105,110
1106,1106,110
1108,1108,110
1109,1109,110
1110,1110,111
1118,1118,111
1119,1119,111
1120,1120,112
1121,1121,112
1122,1122,112
1123,1123,112
1124,1124,112
1125,1125,112
11281,1128,112
11283,1128,112
11284,1128,112
11285,1128,112
11289,1128,112
1129,1129,112
1140,1140,114
1143,1143,114
1145,1145,114
1149,1149,114
11505,1150,115
11509,1150,115
11590,1159,115
11599,1159,115
1160,1160,116
1161,1161,116
1171,1171,117
1173,1173,117
1174,1174,117
1175,1175,117
1176,1176,117
1177,1177,117
1179,1179,117
118,118,118
1200,1200,120
1202,1202,120
1208,1208,120
1209,1209,120
1211,1211,121
1213,1213,121
1220,1220,122
1228,1228,122
1229,1229,122
1231,1231,123
1251,1251,125
1254,1254,125
1269,1269,126
1272,1272,127
1273,1273,127
1280,1280,128
129,129,129
1300,1300,130
1307,1307,130
1308,1308,130
1309,1309,130
13100,1310,131
13101,1310,131
13109,1310,131
1318,1318,131
1319,1319,131
1320,1320,132
1321,1321,132
1323,1323,132
1329,1329,132
1330,1330,133
1338,1338,133
1340,1340,134
1342,1342,134
1348,1348,134
1349,1349,134
135,135,135
1361,1361,136
13621,1362,136
1363,1363,136
1368,1368,136
1369,1369,136
1370,1370,137
1373,1373,137
138,138,138
1390,1390,139
1398,1398,139
1400,1400,140
1401,1401,140
1404,1404,140
1409,1409,140
1410,1410,141
1411,1411,141
1412,1412,141
1414,1414,141
1418,1418,141
1419,1419,141
1420,1420,142
1421,1421,142
1429,1429,142
1430,1430,143
1431,1431,143
1440,1440,144
1441,1441,144
1449,1449,144
1450,1450,145
1451,1451,145
1452,1452,145
1453,1453,145
1455,1455,145
1458,1458,145
1459,1459,145
1460,1460,146
1461,1461,146
1463,1463,146
1468,1468,146
1469,1469,146
1471,1471,147
1478,1478,147
1479,1479,147
1481,1481,148
1483,1483,148
1488,1488,148
1489,1489,148
1490,1490,149
1498,1498,149
1500,1500,150
1501,1501,150
1502,1502,150
1503,1503,150
1504,1504,150
1505,1505,150
1508,1508,150
1509,1509,150
1510,1510,151
1511,1511,151
1512,1512,151
1513,1513,151
1514,1514,151
1515,1515,151
1516,1516,151
1518,1518,151
1519,1519,151
1520,1520,152
1521,1521,152
1522,1522,152
1528,1528,152
1529,1529,152
1530,1530,153
1531,1531,153
1532,1532,153
1533,1533,153
1534,1534,153
1535,1535,153
1536,1536,153
1537,1537,153
1538,1538,153
1539,1539,153
1540,1540,154
1541,1541,154
1542,1542,154
1543,1543,154
1548,1548,154
1550,1550,155
1551,1551,155
1552,1552,155
1560,1560,156
1561,1561,156
1562,1562,156
1568,1568,156
1569,1569,156
1570,1570,157
1571,1571,157
1572,1572,157
1573,1573,157
1574,1574,157
1578,1578,157
1579,1579,157
1580,1580,158
1588,1588,158
1589,1589,158
1591,1591,159
1598,1598,159
1599,1599,159
1600,1600,160
1602,1602,160
1603,1603,160
1608,1608,160
1609,1609,160
1610,1610,161
1611,1611,161
1612,1612,161
1618,1618,161
1619,1619,161
1620,1620,162
1622,1622,162
1623,1623,162
1624,1624,162
1625,1625,162
1628,1628,162
1629,1629,162
1630,1630,163
1631,1631,163
1638,1638,163
1639,1639,163
1640,1640,164
1641,1641,164
1642,1642,164
1643,1643,164
1648,1648,164
1649,1649,164
1700,1700,170
1701,1701,170
1702,1702,170
1703,1703,170
1704,1704,170
1706,1706,170
1707,1707,170
1708,1708,170
1709,1709,170
1710,1710,171
1712,1712,171
1713,1713,171
1714,1714,171
1715,1715,171
1716,1716,171
1717,1717,171
1718,1718,171
1719,1719,171
1720,1720,172
1721,1721,172
1722,1722,172
1723,1723,172
1724,1724,172
1725,1725,172
1726,1726,172
1727,1727,172
1728,1728,172
1729,1729,172
1730,1730,173
17301,1730,173
1731,1731,173
1732,1732,173
17321,1732,173
17322,1732,173
1733,1733,173
17330,1733,173
17331,1733,173
17332,1733,173
17339,1733,173
1734,1734,173
17340,1734,173
17341,1734,173
17342,1734,173
17349,1734,173
1735,1735,173
17350,1735,173
17351,1735,173
17352,1735,173
17359,1735,173
1736,1736,173
17360,1736,173
17361,1736,173
17362,1736,173
17369,1736,173
1737,1737,173
17370,1737,173
17371,1737,173
17372,1737,173
17379,1737,173
1738,1738,173
17380,1738,173
17381,1738,173
17382,1738,173
1739,1739,173
17391,1739,173
17392,1739,173
17399,1739,173
1740,1740,174
1741,1741,174
1742,1742,174
1743,1743,174
1744,1744,174
1745,1745,174
1746,1746,174
1748,1748,174
1749,1749,174
1750,1750,175
1759,1759,175
1760,1760,176
1761,1761,176
1762,1762,176
1763,1763,176
1764,1764,176
1765,1765,176
1768,1768,176
1769,1769,176
179,179,179
1800,1800,180
1801,1801,180
1808,1808,180
1809,1809,180
181,181,181
1820,1820,182
1821,1821,182
1828,1828,182
1830,1830,183
1832,1832,183
1834,1834,183
1838,1838,183
1839,1839,183
1840,1840,184
1841,1841,184
1844,1844,184
1848,1848,184
1849,1849,184
185,185,185
1869,1869,186
1872,1872,187
1873,1873,187
1874,1874,187
1876,1876,187
1877,1877,187
1878,1878,187
1879,1879,187
1880,1880,188
1881,1881,188
1882,1882,188
1883,1883,188
1884,1884,188
1885,1885,188
1886,1886,188
1887,1887,188
1888,1888,188
1889,1889,188
1890,1890,189
1891,1891,189
1892,1892,189
1893,1893,189
1898,1898,189
1899,1899,189
1900,1900,190
1905,1905,190
1906,1906,190
1908,1908,190
1909,1909,190
1910,1910,191
1911,1911,191
1912,1912,191
1913,1913,191
1914,1914,191
1915,1915,191
1916,1916,191
1917,1917,191
1918,1918,191
1919,1919,191
1920,1920,192
1921,1921,192
1922,1922,192
1923,1923,192
1929,1929,192
193,193,193
1940,1940,194
1941,1941,194
1943,1943,194
1944,1944,194
1945,1945,194
1950,1950,195
1951,1951,195
1952,1952,195
1953,1953,195
1958,1958,195
1960,1960,196
1961,1961,196
1962,1962,196
1963,1963,196
1965,1965,196
1966,1966,196
1968,1968,196
1969,1969,196
1970,1970,197
1971,1971,197
1972,1972,197
1973,1973,197
1974,1974,197
1975,1975,197
1976,1976,197
1977,1977,197
1978,1978,197
1980,1980,198
1981,1981,198
1982,1982,198
1983,1983,198
1984,1984,198
1985,1985,198
1986,1986,198
1987,1987,198
19881,1988,198
19882,1988,198
19889,1988,198
1990,1990,199
1991,1991,199
1992,1992,199
20000,2000,200
20005,2000,200
20008,2000,200
20010,2001,200
20011,2001,200
20012,2001,200
20013,2001,200
20014,2001,200
20018,2001,200
20020,2002,200
20021,2002,200
20022,2002,200
20023,2002,200
20024,2002,200
20025,2002,200
20027,2002,200
20028,2002,200
20030,2003,200
20031,2003,200
20032,2003,200
20033,2003,200
20034,2003,200
20035,2003,200
20036,2003,200
20037,2003,200
20038,2003,200
20040,2004,200
20041,2004,200
20042,2004,200
20043,2004,200
20044,2004,200
20045,2004,200
20047,2004,200
20048,2004,200
20050,2005,200
20051,2005,200
20052,2005,200
20054,2005,200
20058,2005,200
20060,2006,200
20061,2006,200
20064,2006,200
20070,2007,200
20071,2007,200
20072,2007,200
20073,2007,200
20074,2007,200
20075,2007,200
20076,2007,200
20077,2007,200
20078,2007,200
20080,2008,200
20082,2008,200
20084,2008,200
20085,2008,200
20088,2008,200
20108,2010,201
20120,2012,201
20121,2012,201
20140,2014,201
20141,2014,201
20143,2014,201
20148,2014,201
20150,2015,201
20151,2015,201
20152,2015,201
20153,2015,201
20154,2015,201
20158,2015,201
20160,2016,201
20161,2016,201
20168,2016,201
20170,2017,201
20174,2017,201
20190,2019,201
20191,2019,201
20192,2019,201
20193,2019,201
20194,2019,201
20195,2019,201
20196,2019,201
20197,2019,201
20198,2019,201
20200,2020,202
20201,2020,202
20202,2020,202
20203,2020,202
20204,2020,202
20205,2020,202
20206,2020,202
20208,2020,202
20210,2021,202
20211,2021,202
20212,2021,202
20213,2021,202
20214,2021,202
20215,2021,202
20217,2021,202
20218,2021,202
20220,2022,202
20221,2022,202
20230,2023,202
20240,2024,202
20241,2024,202
20252,2025,202
20260,2026,202
20270,2027,202
20271,2027,202
20273,2027,202
20275,2027,202
20278,2027,202
20280,2028,202
20281,2028,202
20282,2028,202
20283,2028,202
20284,2028,202
20285,2028,202
20286,2028,202
20287,2028,202
20288,2028,202
20290,2029,202
20291,2029,202
20292,2029,202
20293,2029,202
20295,2029,202
20296,2029,202
20298,2029,202
20300,2030,203
20301,2030,203
20302,2030,203
20310,2031,203
20311,2031,203
20312,2031,203
20380,2038,203
20382,2038,203
20400,2040,204
20401,2040,204
20402,2040,204
20410,2041,204
20411,2041,204
20412,2041,204
20480,2048,204
20481,2048,204
20482,2048,204
20490,2049,204
20492,2049,204
20500,2050,205
20501,2050,205
20502,2050,205
20510,2051,205
20511,2051,205
20512,2051,205
20530,2053,205
20531,2053,205
20580,2058,205
20581,2058,205
20590,2059,205
20591,2059,205
20600,2060,206
20601,2060,206
20610,2061,206
20700,2070,207
20701,2070,207
20702,2070,207
20720,2072,207
20721,2072,207
20722,2072,207
20780,2078,207
20781,2078,207
20782,2078,207
20800,2080,208
20810,2081,208
20811,2081,208
20880,2088,208
20881,2088,208
20890,2089,208
20891,2089,208
20900,2090,209
20901,2090,209
20903,2090,209
20910,2091,209
20911,2091,209
20913,2091,209
20916,2091,209
20917,2091,209
20920,2092,209
20921,2092,209
20923,2092,209
20924,2092,209
20925,2092,209
20926,2092,209
20927,2092,209
20929,2092,209
20930,2093,209
20931,2093,209
20932,2093,209
20933,2093,209
20936,2093,209
20940,2094,209
20941,2094,209
20942,2094,209
20943,2094,209
20950,2095,209
20951,2095,209
20957,2095,209
20960,2096,209
20961,2096,209
20962,2096,209
20963,2096,209
20965,2096,209
20966,2096,209
20969,2096,209
20970,2097,209
20971,2097,209
20972,2097,209
20973,2097,209
20974,2097,209
20975,2097,209
20979,2097,209
2101,2101,210
2102,2102,210
2104,2104,210
2106,2106,210
2107,2107,210
2109,2109,210
2110,2110,211
2111,2111,211
2112,2112,211
2113,2113,211
2114,2114,211
2115,2115,211
2116,2116,211
2117,2117,211
2118,2118,211
2119,2119,211
2120,2120,212
2121,2121,212
2122,2122,212
2123,2123,212
2125,2125,212
2126,2126,212
2127,2127,212
2130,2130,213
2131,2131,213
2132,2132,213
2133,2133,213
2134,2134,213
2136,2136,213
2137,2137,213
2138,2138,213
2139,2139,213
2140,2140,214
2141,2141,214
2142,2142,214
2143,2143,214
2144,2144,214
2148,2148,214
2149,2149,214
2150,2150,215
2152,2152,215
2153,2153,215
2154,2154,215
2155,2155,215
2156,2156,215
2157,2157,215
2158,2158,215
2159,2159,215
2160,2160,216
2161,2161,216
2162,2162,216
2163,2163,216
2164,2164,216
2165,2165,216
2166,2166,216
2167,2167,216
2168,2168,216
2169,2169,216
217,217,217
2180,2180,218
2181,2181,218
2182,2182,218
2189,2189,218
2190,2190,219
2191,2191,219
2199,2199,219
220,220,220
2210,2210,221
2211,2211,221
2212,2212,221
2218,2218,221
2230,2230,223
2233,2233,223
2241,2241,224
2249,2249,224
2250,2250,225
2251,2251,225
2252,2252,225
2253,2253,225
2254,2254,225
2259,2259,225
226,226,226
2270,2270,227
2271,2271,227
2273,2273,227
2274,2274,227
2275,2275,227
22800,2280,228
22801,2280,228
22802,2280,228
22804,2280,228
22809,2280,228
2281,2281,228
2298,2298,229
2300,2300,230
2302,2302,230
2303,2303,230
2304,2304,230
2305,2305,230
2306,2306,230
2307,2307,230
2309,2309,230
2310,2310,231
2312,2312,231
2323,2323,232
2325,2325,232
2326,2326,232
2327,2327,232
2329,2329,232
2330,2330,233
2331,2331,233
23331,2333,233
23332,2333,233
23339,2333,233
2334,2334,233
2335,2335,233
2337,2337,233
2339,2339,233
2348,2348,234
2349,2349,234
2350,2350,235
2351,2351,235
2352,2352,235
2353,2353,235
2354,2354,235
2355,2355,235
2356,2356,235
2357,2357,235
2358,2358,235
2360,2360,236
2361,2361,236
2362,2362,236
2363,2363,236
2365,2365,236
2366,2366,236
2367,2367,236
23691,2369,236
2370,2370,237
2371,2371,237
2372,2372,237
2373,2373,237
2374,2374,237
2375,2375,237
2376,2376,237
23770,2377,237
23771,2377,237
23772,2377,237
23773,2377,237
23779,2377,237
2379,2379,237
2380,2380,238
2381,2381,238
2382,2382,238
2383,2383,238
2384,2384,238
2385,2385,238
2386,2386,238
23871,2387,238
23872,2387,238
23873,2387,238
23874,2387,238
23875,2387,238
23876,2387,238
23877,2387,238
23879,2387,238
2388,2388,238
2390,2390,239
2391,2391,239
2392,2392,239
2393,2393,239
2394,2394,239
2395,2395,239
2396,2396,239
2397,2397,239
2398,2398,239
23989,2398,239
2399,2399,239
2400,2400,240
2409,2409,240
2410,2410,241
2411,2411,241
2419,2419,241
24200,2420,242
24201,2420,242
24210,2421,242
24220,2422,242
24221,2422,242
24230,2423,242
24280,2428,242
24281,2428,242
24290,2429,242
24291,2429,242
243,243,243
2440,2440,244
2441,2441,244
2442,2442,244
2443,2443,244
2448,2448,244
2449,2449,244
2450,2450,245
2451,2451,245
2452,2452,245
2454,2454,245
2458,2458,245
2459,2459,245
2461,2461,246
2462,2462,246
2468,2468,246
2469,2469,246
24900,2490,249
24901,2490,249
24911,2491,249
24920,2492,249
24940,2494,249
24941,2494,249
24950,2495,249
24951,2495,249
24960,2496,249
24961,2496,249
24970,2497,249
24971,2497,249
24980,2498,249
24981,2498,249
24990,2499,249
24991,2499,249
25000,2500,250
25001,2500,250
25002,2500,250
25003,2500,250
25010,2501,250
25011,2501,250
25012,2501,250
25013,2501,250
25020,2502,250
25021,2502,250
25022,2502,250
25023,2502,250
25030,2503,250
25031,2503,250
25032,2503,250
25033,2503,250
25040,2504,250
25041,2504,250
25042,2504,250
25043,2504,250
25050,2505,250
25051,2505,250
25052,2505,250
25053,2505,250
25060,2506,250
25061,2506,250
25062,2506,250
25063,2506,250
25070,2507,250
25071,2507,250
25072,2507,250
25073,2507,250
25080,2508,250
25081,2508,250
25082,2508,250
25083,2508,250
25090,2509,250
25091,2509,250
25092,2509,250
25093,2509,250
2510,2510,251
2511,2511,251
2512,2512,251
2513,2513,251
2515,2515,251
2518,2518,251
2519,2519,251
25200,2520,252
25201,2520,252
25202,2520,252
25208,2520,252
2521,2521,252
2528,2528,252
2529,2529,252
2530,2530,253
2531,2531,253
2532,2532,253
2533,2533,253
2534,2534,253
2535,2535,253
2536,2536,253
2537,2537,253
2538,2538,253
2539,2539,253
2540,2540,254
2541,2541,254
2548,2548,254
2549,2549,254
2550,2550,255
25510,2551,255
25511,2551,255
25512,2551,255
25513,2551,255
25514,2551,255
2552,2552,255
2553,2553,255
25541,2554,255
25542,2554,255
2555,2555,255
2558,2558,255
2559,2559,255
2561,2561,256
2562,2562,256
25631,2563,256
25639,2563,256
2564,2564,256
2568,2568,256
2569,2569,256
2570,2570,257
2571,2571,257
2572,2572,257
2579,2579,257
25801,2580,258
25802,2580,258
25803,2580,258
2581,2581,258
2588,2588,258
2589,2589,258
2591,2591,259
2592,2592,259
2593,2593,259
2594,2594,259
25950,2595,259
25951,2595,259
2598,2598,259
2599,2599,259
260,260,260
261,261,261
262,262,262
2630,2630,263
2631,2631,263
2638,2638,263
2639,2639,263
2649,2649,264
2650,2650,265
2651,2651,265
2652,2652,265
2660,2660,266
2661,2661,266
2662,2662,266
2669,2669,266
267,267,267
2680,2680,268
2682,2682,268
2689,2689,268
2690,2690,269
2691,2691,269
2692,2692,269
2693,2693,269
2698,2698,269
2699,2699,269
2700,2700,270
2701,2701,270
2702,2702,270
2703,2703,270
2704,2704,270
2706,2706,270
2708,2708,270
2710,2710,271
2712,2712,271
2713,2713,271
2714,2714,271
2718,2718,271
2720,2720,272
2721,2721,272
2722,2722,272
2723,2723,272
2724,2724,272
2725,2725,272
2726,2726,272
2727,2727,272
2728,2728,272
2729,2729,272
2730,2730,273
2731,2731,273
2732,2732,273
2733,2733,273
2734,2734,273
2738,2738,273
2739,2739,273
2740,2740,274
27400,2740,274
27401,2740,274
27402,2740,274
27403,2740,274
27411,2741,274
27482,2748,274
27489,2748,274
2749,2749,274
2750,2750,275
27501,2750,275
27502,2750,275
27503,2750,275
27509,2750,275
2751,2751,275
2752,2752,275
2753,2753,275
27540,2754,275
27541,2754,275
27542,2754,275
27549,2754,275
2755,2755,275
2758,2758,275
2759,2759,275
2760,2760,276
2761,2761,276
2762,2762,276
2763,2763,276
2764,2764,276
27650,2765,276
27651,2765,276
27652,2765,276
2766,2766,276
27661,2766,276
27669,2766,276
2767,2767,276
2768,2768,276
2769,2769,276
27700,2770,277
27701,2770,277
27702,2770,277
27703,2770,277
27709,2770,277
2771,2771,277
27730,2773,277
27731,2773,277
27739,2773,277
2774,2774,277
2776,2776,277
2777,2777,277
27781,2778,277
27782,2778,277
27784,2778,277
27785,2778,277
27786,2778,277
27787,2778,277
27788,2778,277
27789,2778,277
2779,2779,277
27800,2780,278
27801,2780,278
27802,2780,278
27803,2780,278
2781,2781,278
2784,2784,278
2788,2788,278
27900,2790,279
27901,2790,279
27902,2790,279
27903,2790,279
27904,2790,279
27906,2790,279
27910,2791,279
27911,2791,279
27919,2791,279
2792,2792,279
2793,2793,279
2794,2794,279
27941,2794,279
27949,2794,279
27950,2795,279
27951,2795,279
27952,2795,279
27953,2795,279
2798,2798,279
2799,2799,279
2800,2800,280
2801,2801,280
2808,2808,280
2809,2809,280
2810,2810,281
2811,2811,281
2812,2812,281
2813,2813,281
2818,2818,281
2819,2819,281
2820,2820,282
2821,2821,282
2822,2822,282
2823,2823,282
28240,2824,282
28241,2824,282
28242,2824,282
28243,2824,282
28244,2824,282
28245,2824,282
28246,2824,282
28249,2824,282
2825,2825,282
28260,2826,282
28261,2826,282
28262,2826,282
28263,2826,282
28264,2826,282
28268,2826,282
28269,2826,282
2827,2827,282
2828,2828,282
2829,2829,282
2830,2830,283
28310,2831,283
28311,2831,283
28319,2831,283
2832,2832,283
2839,2839,283
28401,2840,284
28409,2840,284
2841,2841,284
28411,2841,284
28412,2841,284
28419,2841,284
2842,2842,284
28481,2848,284
28489,2848,284
2849,2849,284
2850,2850,285
2851,2851,285
28521,2852,285
28522,2852,285
28529,2852,285
2853,2853,285
2858,2858,285
2859,2859,285
2860,2860,286
2861,2861,286
2862,2862,286
2863,2863,286
2864,2864,286
2865,2865,286
28652,2865,286
28653,2865,286
28659,2865,286
2866,2866,286
2867,2867,286
2869,2869,286
2870,2870,287
2871,2871,287
2872,2872,287
28730,2873,287
28731,2873,287
28732,2873,287
28733,2873,287
28739,2873,287
2874,2874,287
28749,2874,287
2875,2875,287
2878,2878,287
2879,2879,287
2880,2880,288
28800,2880,288
28801,2880,288
28802,2880,288
28803,2880,288
28804,2880,288
28809,2880,288
2881,2881,288
2882,2882,288
2883,2883,288
2884,2884,288
28850,2885,288
28851,2885,288
28859,2885,288
28860,2886,288
28861,2886,288
28862,2886,288
28863,2886,288
28864,2886,288
28866,2886,288
28869,2886,288
2888,2888,288
2889,2889,288
2890,2890,289
2891,2891,289
2892,2892,289
2893,2893,289
2894,2894,289
28950,2895,289
28951,2895,289
28952,2895,289
28953,2895,289
28959,2895,289
2897,2897,289
28981,2898,289
28982,2898,289
28983,2898,289
28984,2898,289
28989,2898,289
2899,2899,289
3201,3201,320
3202,3202,320
3203,3203,320
3207,3207,320
32081,3208,320
32082,3208,320
32089,3208,320
3209,3209,320
3210,3210,321
3211,3211,321
3212,3212,321
3218,3218,321
3220,3220,322
3221,3221,322
3222,3222,322
3229,3229,322
32301,3230,323
32341,3234,323
32342,3234,323
32361,3236,323
32362,3236,323
32363,3236,323
32372,3237,323
32381,3238,323
32382,3238,323
3239,3239,323
3240,3240,324
3241,3241,324
3249,3249,324
325,325,325
326,326,326
32701,3270,327
32702,3270,327
32712,3271,327
32713,3271,327
32714,3271,327
32715,3271,327
32719,3271,327
32720,3272,327
32721,3272,327
32723,3272,327
32724,3272,327
32725,3272,327
32726,3272,327
32727,3272,327
32730,3273,327
32731,3273,327
32732,3273,327
32733,3273,327
32736,3273,327
32737,3273,327
32739,3273,327
32742,3274,327
32743,3274,327
32751,3275,327
32752,3275,327
32753,3275,327
3300,3300,330
3301,3301,330
3308,3308,330
3310,3310,331
33111,3311,331
33119,3311,331
3313,3313,331
3314,3314,331
3315,3315,331
3316,3316,331
3317,3317,331
33182,3318,331
33183,3318,331
33189,3318,331
3319,3319,331
3320,3320,332
3321,3321,332
3330,3330,333
3331,3331,333
3332,3332,333
3334,3334,333
3335,3335,333
3336,3336,333
33371,3337,333
33372,3337,333
33379,3337,333
33381,3338,333
33382,3338,333
33383,3338,333
33384,3338,333
33385,3338,333
33390,3339,333
33391,3339,333
33392,3339,333
33394,3339,333
33399,3339,333
3340,3340,334
3341,3341,334
3342,3342,334
3343,3343,334
3344,3344,334
3348,3348,334
3349,3349,334
33510,3351,335
33511,3351,335
33520,3352,335
33521,3352,335
33522,3352,335
33523,3352,335
33524,3352,335
33529,3352,335
3359,3359,335
3360,3360,336
3361,3361,336
3362,3362,336
3363,3363,336
3368,3368,336
3369,3369,336
3370,3370,337
33700,3370,337
33701,3370,337
33709,3370,337
3371,3371,337
33720,3372,337
33721,3372,337
33722,3372,337
33729,3372,337
3373,3373,337
3379,3379,337
3380,3380,338
33811,3381,338
33812,3381,338
33818,3381,338
33819,3381,338
33821,3382,338
33822,3382,338
33828,3382,338
33829,3382,338
3383,3383,338
3384,3384,338
33900,3390,339
33901,3390,339
33902,3390,339
33903,3390,339
33904,3390,339
33905,3390,339
33910,3391,339
33911,3391,339
33912,3391,339
33920,3392,339
33921,3392,339
33922,3392,339
3393,3393,339
33941,3394,339
33942,3394,339
33943,3394,339
33982,3398,339
33983,3398,339
33984,3398,339
33985,3398,339
33989,3398,339
340,340,340
3410,3410,341
3411,3411,341
34120,3412,341
34121,3412,341
34122,3412,341
3418,3418,341
3419,3419,341
34200,3420,342
34201,3420,342
34202,3420,342
34210,3421,342
34211,3421,342
34212,3421,342
34280,3428,342
34281,3428,342
34282,3428,342
34290,3429,342
34291,3429,342
34292,3429,342
3430,3430,343
3431,3431,343
3432,3432,343
3434,3434,343
3438,3438,343
3439,3439,343
34400,3440,344
34401,3440,344
34402,3440,344
34403,3440,344
34404,3440,344
34409,3440,344
3441,3441,344
3442,3442,344
34430,3443,344
34431,3443,344
34432,3443,344
34440,3444,344
34441,3444,344
34442,3444,344
3445,3445,344
34460,3446,344
34461,3446,344
34481,3448,344
34489,3448,344
3449,3449,344
34500,3450,345
34501,3450,345
34510,3451,345
34511,3451,345
3452,3452,345
3453,3453,345
34540,3454,345
34541,3454,345
34550,3455,345
34551,3455,345
34561,3456,345
34570,3457,345
34571,3457,345
34580,3458,345
34581,3458,345
34590,3459,345
34591,3459,345
34600,3460,346
34601,3460,346
34602,3460,346
34603,3460,346
34610,3461,346
34611,3461,346
34612,3461,346
34613,3461,346
34620,3462,346
34621,3462,346
34622,3462,346
34623,3462,346
34630,3463,346
34631,3463,346
34632,3463,346
34640,3464,346
34643,3464,346
34650,3465,346
34670,3467,346
34671,3467,346
34672,3467,346
34673,3467,346
34680,3468,346
34681,3468,346
34682,3468,346
34683,3468,346
34690,3469,346
34691,3469,346
34692,3469,346
34693,3469,346
34700,3470,347
34701,3470,347
34710,3471,347
34711,3471,347
3480,3480,348
3481,3481,348
3482,3482,348
34830,3483,348
34831,3483,348
34839,3483,348
3484,3484,348
3485,3485,348
3488,3488,348
34881,3488,348
34882,3488,348
34889,3488,348
3489,3489,348
3490,3490,349
3491,3491,349
3492,3492,349
34931,3493,349
34939,3493,349
34981,3498,349
34982,3498,349
34989,3498,349
3499,3499,349
3501,3501,350
3502,3502,350
3508,3508,350
3509,3509,350
3510,3510,351
3518,3518,351
3519,3519,351
3520,3520,352
3521,3521,352
3522,3522,352
3523,3523,352
3524,3524,352
3525,3525,352
3526,3526,352
3529,3529,352
3530,3530,353
3531,3531,353
3532,3532,353
3534,3534,353
3535,3535,353
3536,3536,353
3538,3538,353
3540,3540,354
3541,3541,354
3542,3542,354
3543,3543,354
3544,3544,354
3545,3545,354
3548,3548,354
3549,3549,354
3550,3550,355
3551,3551,355
3552,3552,355
3553,3553,355
3555,3555,355
3556,3556,355
35571,3557,355
35579,3557,355
3558,3558,355
3559,3559,355
3560,3560,356
3561,3561,356
3562,3562,356
3563,3563,356
3564,3564,356
3568,3568,356
3569,3569,356
3570,3570,357
3571,3571,357
3572,3572,357
3573,3573,357
3574,3574,357
3575,3575,357
3576,3576,357
3577,3577,357
35781,3578,357
35782,3578,357
35789,3578,357
3579,3579,357
35800,3580,358
35801,3580,358
3581,3581,358
35830,3583,358
35831,3583,358
3588,3588,358
3589,3589,358
3590,3590,359
3591,3591,359
35921,3592,359
35922,3592,359
35924,3592,359
35929,3592,359
3593,3593,359
3594,3594,359
3595,3595,359
3596,3596,359
35971,3597,359
35979,3597,359
35981,3598,359
35989,3598,359
3599,3599,359
36000,3600,360
36001,3600,360
36002,3600,360
36003,3600,360
36019,3601,360
36021,3602,360
36030,3603,360
36033,3603,360
36040,3604,360
36042,3604,360
36043,3604,360
36050,3605,360
36060,3606,360
36064,3606,360
36065,3606,360
36081,3608,360
36100,3610,361
36101,3610,361
36102,3610,361
36103,3610,361
36105,3610,361
36106,3610,361
36107,3610,361
36110,3611,361
36112,3611,361
36119,3611,361
3612,3612,361
36130,3613,361
36131,3613,361
36189,3618,361
3619,3619,361
36201,3620,362
36202,3620,362
36203,3620,362
36204,3620,362
36205,3620,362
36206,3620,362
36207,3620,362
36210,3621,362
36211,3621,362
36213,3621,362
36214,3621,362
36215,3621,362
36217,3621,362
36218,3621,362
36220,3622,362
36221,3622,362
36223,3622,362
36224,3622,362
36225,3622,362
36226,3622,362
36229,3622,362
36230,3623,362
36231,3623,362
36232,3623,362
36233,3623,362
36234,3623,362
36235,3623,362
36236,3623,362
36241,3624,362
36250,3625,362
36251,3625,362
36252,3625,362
36253,3625,362
36254,3625,362
36256,3625,362
36257,3625,362
36260,3626,362
36263,3626,362
36270,3627,362
36271,3627,362
36274,3627,362
36275,3627,362
36276,3627,362
36281,3628,362
36283,3628,362
36284,3628,362
36289,3628,362
3629,3629,362
36315,3631,363
36320,3632,363
36321,3632,363
36330,3633,363
36340,3634,363
36361,3636,363
36371,3637,363
36372,3637,363
3638,3638,363
36400,3640,364
36402,3640,364
36404,3640,364
36405,3640,364
36410,3641,364
36411,3641,364
36421,3642,364
3643,3643,364
36441,3644,364
36442,3644,364
36451,3645,364
36453,3645,364
36470,3647,364
36476,3647,364
36481,3648,364
36489,3648,364
3649,3649,364
36500,3650,365
36501,3650,365
36502,3650,365
36504,3650,365
36510,3651,365
36511,3651,365
36512,3651,365
36513,3651,365
36514,3651,365
36520,3652,365
36521,3652,365
36522,3652,365
36523,3652,365
36531,3653,365
36542,3654,365
36544,3654,365
36552,3655,365
36560,3656,365
36562,3656,365
36563,3656,365
36565,3656,365
36570,3657,365
36571,3657,365
36572,3657,365
36573,3657,365
36574,3657,365
36582,3658,365
36589,3658,365
3659,3659,365
36600,3660,366
36601,3660,366
36610,3661,366
36611,3661,366
36614,3661,366
36615,3661,366
36616,3661,366
36617,3661,366
36620,3662,366
36641,3664,366
36644,3664,366
36645,3664,366
36646,3664,366
36650,3665,366
3668,3668,366
3669,3669,366
3670,3670,367
3671,3671,367
36720,3672,367
3674,3674,367
3679,3679,367
36800,3680,368
36801,3680,368
36810,3681,368
36811,3681,368
36812,3681,368
36813,3681,368
36814,3681,368
36815,3681,368
36816,3681,368
3682,3682,368
36830,3683,368
36831,3683,368
36840,3684,368
36841,3684,368
36842,3684,368
36843,3684,368
36844,3684,368
36845,3684,368
36846,3684,368
36847,3684,368
36852,3685,368
36853,3685,368
36859,3685,368
3688,3688,368
3689,3689,368
36900,3690,369
36901,3690,369
36902,3690,369
36903,3690,369
36904,3690,369
36910,3691,369
36911,3691,369
36920,3692,369
36922,3692,369
36924,3692,369
3693,3693,369
3694,3694,369
36960,3696,369
36961,3696,369
36964,3696,369
36967,3696,369
36969,3696,369
36970,3697,369
36971,3697,369
36973,3697,369
36974,3697,369
3698,3698,369
3699,3699,369
37000,3700,370
37001,3700,370
37004,3700,370
37005,3700,370
37006,3700,370
37021,3702,370
37023,3702,370
37024,3702,370
37033,3703,370
37034,3703,370
37040,3704,370
37049,3704,370
37052,3705,370
37062,3706,370
3708,3708,370
3709,3709,370
37100,3710,371
37114,3711,371
37120,3712,371
37123,3712,371
37140,3714,371
37141,3714,371
37142,3714,371
37143,3714,371
37149,3714,371
37150,3715,371
37152,3715,371
37155,3715,371
37157,3715,371
37160,3716,371
37182,3718,371
37189,3718,371
37200,3720,372
37203,3720,372
37204,3720,372
37206,3720,372
37210,3721,372
37214,3721,372
37220,3722,372
37230,3723,372
37233,3723,372
37239,3723,372
37240,3724,372
37245,3724,372
37271,3727,372
37272,3727,372
37273,3727,372
37274,3727,372
37289,3728,372
3729,3729,372
37300,3730,373
37302,3730,373
37311,3731,373
37312,3731,373
37313,3731,373
3732,3732,373
37331,3733,373
37332,3733,373
37333,3733,373
3734,3734,373
3739,3739,373
37400,3740,374
37401,3740,374
37405,3740,374
37410,3741,374
37414,3741,374
37420,3742,374
37421,3742,374
37430,3743,374
37431,3743,374
37432,3743,374
37433,3743,374
37434,3743,374
37441,3744,374
37443,3744,374
37446,3744,374
37451,3745,374
37452,3745,374
37454,3745,374
37455,3745,374
37481,3748,374
37482,3748,374
37484,3748,374
37486,3748,374
37489,3748,374
3749,3749,374
37500,3750,375
37501,3750,375
37503,3750,375
37512,3751,375
37515,3751,375
37520,3752,375
37530,3753,375
37532,3753,375
37555,3755,375
37556,3755,375
37589,3758,375
3759,3759,375
37601,3760,376
37610,3761,376
37611,3761,376
37612,3761,376
37621,3762,376
37630,3763,376
37631,3763,376
37632,3763,376
37633,3763,376
37647,3764,376
37650,3765,376
37652,3765,376
37681,3768,376
37689,3768,376
3769,3769,376
37700,3770,377
37701,3770,377
37710,3771,377
37714,3771,377
37716,3771,377
37721,3772,377
37723,3772,377
37724,3772,377
37730,3773,377
37731,3773,377
37732,3773,377
37733,3773,377
37739,3773,377
37741,3774,377
37742,3774,377
37743,3774,377
37749,3774,377
37751,3775,377
37752,3775,377
37754,3775,377
37775,3777,377
3779,3779,377
37800,3780,378
37801,3780,378
37805,3780,378
37810,3781,378
37811,3781,378
37820,3782,378
37830,3783,378
37831,3783,378
37832,3783,378
37840,3784,378
37841,3784,378
37842,3784,378
37850,3785,378
37851,3785,378
37852,3785,378
37853,3785,378
37854,3785,378
37855,3785,378
37856,3785,378
37871,3787,378
37873,3787,378
37881,3788,378
37882,3788,378
37884,3788,378
37886,3788,378
37887,3788,378
3789,3789,378
37900,3790,379
37901,3790,379
37909,3790,379
37911,3791,379
37919,3791,379
37921,3792,379
37922,3792,379
37923,3792,379
37924,3792,379
37925,3792,379
37927,3792,379
37929,3792,379
37931,3793,379
37932,3793,379
37941,3794,379
37942,3794,379
37943,3794,379
37946,3794,379
37950,3795,379
37951,3795,379
37952,3795,379
37954,3795,379
37955,3795,379
37956,3795,379
37959,3795,379
3798,3798,379
37990,3799,379
37991,3799,379
37992,3799,379
37993,3799,379
37999,3799,379
38000,3800,380
38003,3800,380
38010,3801,380
38013,3801,380
38014,3801,380
38016,3801,380
38021,3802,380
38022,3802,380
38023,3802,380
38031,3803,380
38032,3803,380
38039,3803,380
3804,3804,380
38089,3808,380
3809,3809,380
38100,3810,381
38101,3810,381
38103,3810,381
38110,3811,381
3813,3813,381
3814,3814,381
38160,3816,381
38181,3818,381
38200,3820,382
38201,3820,382
3823,3823,382
3824,3824,382
3829,3829,382
38300,3830,383
3831,3831,383
38320,3832,383
3839,3839,383
38401,3840,384
38420,3842,384
38530,3853,385
38531,3853,385
38533,3853,385
38583,3858,385
38589,3858,385
3859,3859,385
38600,3860,386
38604,3860,386
38610,3861,386
38611,3861,386
38612,3861,386
38619,3861,386
3862,3862,386
38630,3863,386
38635,3863,386
38650,3865,386
38658,3865,386
3868,3868,386
3869,3869,386
3870,3870,387
3872,3872,387
3879,3879,387
38801,3880,388
38812,3881,388
3882,3882,388
38830,3883,388
38831,3883,388
38832,3883,388
38840,3884,388
38842,3884,388
3885,3885,388
38860,3886,388
38861,3886,388
38869,3886,388
38870,3887,388
38871,3887,388
38872,3887,388
3888,3888,388
3889,3889,388
38900,3890,389
38903,3890,389
38904,3890,389
38905,3890,389
38906,3890,389
38910,3891,389
38911,3891,389
38912,3891,389
38913,3891,389
38914,3891,389
38915,3891,389
38916,3891,389
38917,3891,389
38918,3891,389
38920,3892,389
38921,3892,389
38922,3892,389
3897,3897,389
3898,3898,389
3899,3899,389
390,390,390
3910,3910,391
3911,3911,391
3918,3918,391
3919,3919,391
393,393,393
3940,3940,394
3941,3941,394
3942,3942,394
3949,3949,394
3950,3950,395
3951,3951,395
3952,3952,395
3959,3959,395
3960,3960,396
3961,3961,396
3962,3962,396
3963,3963,396
3968,3968,396
3969,3969,396
3970,3970,397
3971,3971,397
3979,3979,397
3980,3980,398
39890,3989,398
39891,3989,398
39899,3989,398
4010,4010,401
4011,4011,401
4019,4019,401
40200,4020,402
40201,4020,402
40210,4021,402
40211,4021,402
40290,4029,402
40291,4029,402
40300,4030,403
40301,4030,403
40310,4031,403
40311,4031,403
40390,4039,403
40391,4039,403
40400,4040,404
40401,4040,404
40403,4040,404
40410,4041,404
40411,4041,404
40413,4041,404
40490,4049,404
40491,4049,404
40492,4049,404
40493,4049,404
40501,4050,405
40509,4050,405
40511,4051,405
40519,4051,405
40591,4059,405
40599,4059,405
41001,4100,410
41002,4100,410
41010,4101,410
41011,4101,410
41012,4101,410
41021,4102,410
41022,4102,410
41031,4103,410
41032,4103,410
41040,4104,410
41041,4104,410
41042,4104,410
41051,4105,410
41052,4105,410
41061,4106,410
41062,4106,410
41070,4107,410
41071,4107,410
41072,4107,410
41081,4108,410
41082,4108,410
41090,4109,410
41091,4109,410
41092,4109,410
4110,4110,411
4111,4111,411
41181,4118,411
41189,4118,411
412,412,412
4130,4130,413
4131,4131,413
4139,4139,413
41400,4140,414
41401,4140,414
41402,4140,414
41404,4140,414
41405,4140,414
41407,4140,414
41410,4141,414
41411,4141,414
41412,4141,414
41419,4141,414
4142,4142,414
4143,4143,414
4144,4144,414
4148,4148,414
4149,4149,414
4150,4150,415
41511,4151,415
41512,4151,415
41513,4151,415
41519,4151,415
4160,4160,416
4161,4161,416
4162,4162,416
4168,4168,416
4169,4169,416
4170,4170,417
4171,4171,417
4178,4178,417
4179,4179,417
4200,4200,420
42090,4209,420
42091,4209,420
42099,4209,420
4210,4210,421
4219,4219,421
4220,4220,422
42290,4229,422
42291,4229,422
42292,4229,422
42293,4229,422
42299,4229,422
4230,4230,423
4231,4231,423
4232,4232,423
4233,4233,423
4238,4238,423
4239,4239,423
4240,4240,424
4241,4241,424
4242,4242,424
4243,4243,424
42490,4249,424
42491,4249,424
4250,4250,425
4251,4251,425
42511,4251,425
42518,4251,425
4252,4252,425
4253,4253,425
4254,4254,425
4255,4255,425
4257,4257,425
4258,4258,425
4259,4259,425
4260,4260,426
42610,4261,426
42611,4261,426
42612,4261,426
42613,4261,426
4262,4262,426
4263,4263,426
4264,4264,426
42650,4265,426
42651,4265,426
42652,4265,426
42653,4265,426
42654,4265,426
4266,4266,426
4267,4267,426
42681,4268,426
42682,4268,426
42689,4268,426
4269,4269,426
4270,4270,427
4271,4271,427
4272,4272,427
42731,4273,427
42732,4273,427
42741,4274,427
42742,4274,427
4275,4275,427
42760,4276,427
42761,4276,427
42769,4276,427
42781,4278,427
42789,4278,427
4279,4279,427
4280,4280,428
4281,4281,428
42820,4282,428
42821,4282,428
42822,4282,428
42823,4282,428
42830,4283,428
42831,4283,428
42832,4283,428
42833,4283,428
42840,4284,428
42841,4284,428
42842,4284,428
42843,4284,428
4289,4289,428
4290,4290,429
4291,4291,429
4292,4292,429
4293,4293,429
4294,4294,429
4295,4295,429
4296,4296,429
42971,4297,429
42979,4297,429
42981,4298,429
42982,4298,429
42983,4298,429
42989,4298,429
4299,4299,429
430,430,430
431,431,431
4320,4320,432
4321,4321,432
4329,4329,432
43300,4330,433
43301,4330,433
43310,4331,433
43311,4331,433
43320,4332,433
43321,4332,433
43330,4333,433
43331,4333,433
43380,4338,433
43381,4338,433
43390,4339,433
43391,4339,433
43400,4340,434
43401,4340,434
43410,4341,434
43411,4341,434
43490,4349,434
43491,4349,434
4350,4350,435
4351,4351,435
4352,4352,435
4353,4353,435
4358,4358,435
4359,4359,435
436,436,436
4370,4370,437
4371,4371,437
4372,4372,437
4373,4373,437
4374,4374,437
4375,4375,437
4376,4376,437
4377,4377,437
4378,4378,437
4379,4379,437
4380,4380,438
43810,4381,438
43811,4381,438
43812,4381,438
43813,4381,438
43814,4381,438
43819,4381,438
43820,4382,438
43821,4382,438
43822,4382,438
43830,4383,438
43831,4383,438
43832,4383,438
43840,4384,438
43842,4384,438
43850,4385,438
43852,4385,438
43853,4385,438
4386,4386,438
4387,4387,438
43881,4388,438
43882,4388,438
43883,4388,438
43884,4388,438
43885,4388,438
43889,4388,438
4389,4389,438
4400,4400,440
4401,4401,440
44020,4402,440
44021,4402,440
44022,4402,440
44023,4402,440
44024,4402,440
44029,4402,440
44030,4403,440
44031,4403,440
44032,4403,440
4404,4404,440
4408,4408,440
4409,4409,440
44100,4410,441
44101,4410,441
44102,4410,441
44103,4410,441
4411,4411,441
4412,4412,441
4413,4413,441
4414,4414,441
4416,4416,441
4417,4417,441
4419,4419,441
4420,4420,442
4421,4421,442
4422,4422,442
4423,4423,442
44281,4428,442
44282,4428,442
44283,4428,442
44284,4428,442
44289,4428,442
4429,4429,442
4430,4430,443
4431,4431,443
44321,4432,443
44322,4432,443
44323,4432,443
44324,4432,443
44329,4432,443
44381,4438,443
44382,4438,443
44389,4438,443
4439,4439,443
4440,4440,444
44409,4440,444
4441,4441,444
44421,4442,444
44422,4442,444
44481,4448,444
44489,4448,444
4449,4449,444
44501,4450,445
44502,4450,445
44581,4458,445
44589,4458,445
4460,4460,446
4461,4461,446
44620,4462,446
44621,4462,446
44629,4462,446
4464,4464,446
4465,4465,446
4466,4466,446
4467,4467,446
4470,4470,447
4471,4471,447
4472,4472,447
4473,4473,447
4474,4474,447
4475,4475,447
4476,4476,447
44770,4477,447
44771,4477,447
44772,4477,447
44773,4477,447
4478,4478,447
4479,4479,447
4480,4480,448
4481,4481,448
4489,4489,448
449,449,449
4510,4510,451
45111,4511,451
45119,4511,451
4512,4512,451
45181,4518,451
45182,4518,451
45183,4518,451
45184,4518,451
45189,4518,451
4519,4519,451
452,452,452
4530,4530,453
4531,4531,453
4532,4532,453
4533,4533,453
45340,4534,453
45341,4534,453
45342,4534,453
45350,4535,453
45351,4535,453
45352,4535,453
4536,4536,453
45371,4537,453
45372,4537,453
45373,4537,453
45374,4537,453
45375,4537,453
45376,4537,453
45377,4537,453
45379,4537,453
4538,4538,453
45381,4538,453
45382,4538,453
45383,4538,453
45384,4538,453
45385,4538,453
45386,4538,453
45387,4538,453
45389,4538,453
4539,4539,453
4540,4540,454
4541,4541,454
4542,4542,454
4548,4548,454
4549,4549,454
4550,4550,455
4551,4551,455
4552,4552,455
4553,4553,455
4554,4554,455
4555,4555,455
4556,4556,455
4557,4557,455
4558,4558,455
4559,4559,455
4560,4560,456
4561,4561,456
45620,4562,456
45621,4562,456
4564,4564,456
4565,4565,456
4566,4566,456
4568,4568,456
4570,4570,457
4571,4571,457
4572,4572,457
4578,4578,457
4579,4579,457
4580,4580,458
4581,4581,458
45821,4582,458
45829,4582,458
4588,4588,458
4589,4589,458
4590,4590,459
45910,4591,459
45911,4591,459
45912,4591,459
45913,4591,459
45919,4591,459
4592,4592,459
45930,4593,459
45931,4593,459
45939,4593,459
45981,4598,459
45989,4598,459
4599,4599,459
460,460,460
4610,4610,461
4611,4611,461
4612,4612,461
4613,4613,461
4618,4618,461
4619,4619,461
462,462,462
463,463,463
46400,4640,464
46410,4641,464
46411,4641,464
46421,4642,464
46430,4643,464
46431,4643,464
46450,4645,464
46451,4645,464
4650,4650,465
4658,4658,465
4659,4659,465
4660,4660,466
46611,4661,466
46619,4661,466
470,470,470
4710,4710,471
4711,4711,471
4718,4718,471
4719,4719,471
4720,4720,472
4721,4721,472
4722,4722,472
4730,4730,473
4731,4731,473
4732,4732,473
4733,4733,473
4738,4738,473
4739,4739,473
47400,4740,474
47401,4740,474
47402,4740,474
47410,4741,474
47411,4741,474
47412,4741,474
4748,4748,474
4749,4749,474
475,475,475
4760,4760,476
4770,4770,477
4772,4772,477
4778,4778,477
4779,4779,477
4780,4780,478
47811,4781,478
47819,4781,478
47820,4782,478
47821,4782,478
47822,4782,478
47824,4782,478
47825,4782,478
47826,4782,478
47829,4782,478
47830,4783,478
47831,4783,478
47832,4783,478
47833,4783,478
47834,4783,478
4784,4784,478
4785,4785,478
4786,4786,478
47870,4787,478
47871,4787,478
47874,4787,478
47875,4787,478
47879,4787,478
4788,4788,478
4789,4789,478
4800,4800,480
4801,4801,480
4802,4802,480
4808,4808,480
4809,4809,480
481,481,481
4820,4820,482
4821,4821,482
4822,4822,482
48230,4823,482
48231,4823,482
48232,4823,482
48239,4823,482
48240,4824,482
48241,4824,482
48242,4824,482
48249,4824,482
48281,4828,482
48282,4828,482
48283,4828,482
48284,4828,482
48289,4828,482
4829,4829,482
4830,4830,483
4838,4838,483
4841,4841,484
4843,4843,484
4846,4846,484
4847,4847,484
4848,4848,484
485,485,485
486,486,486
4870,4870,487
4871,4871,487
4878,4878,487
488,488,488
4880,4880,488
48801,4880,488
48802,4880,488
48809,4880,488
4881,4881,488
48811,4881,488
48881,4888,488
48882,4888,488
48889,4888,488
490,490,490
4910,4910,491
4911,4911,491
49120,4912,491
49121,4912,491
49122,4912,491
4918,4918,491
4919,4919,491
4920,4920,492
4928,4928,492
49300,4930,493
49301,4930,493
49302,4930,493
49310,4931,493
49312,4931,493
49320,4932,493
49321,4932,493
49322,4932,493
49381,4938,493
49382,4938,493
49390,4939,493
49391,4939,493
49392,4939,493
4940,4940,494
4941,4941,494
4952,4952,495
4957,4957,495
4958,4958,495
4959,4959,495
496,496,496
500,500,500
501,501,501
502,502,502
5060,5060,506
5069,5069,506
5070,5070,507
5071,5071,507
5078,5078,507
5080,5080,508
5081,5081,508
5082,5082,508
5088,5088,508
5100,5100,510
5109,5109,510
5110,5110,511
5111,5111,511
5118,5118,511
51181,5118,511
51189,5118,511
5119,5119,511
5120,5120,512
5121,5121,512
5122,5122,512
5128,5128,512
51281,5128,512
51282,5128,512
51283,5128,512
51284,5128,512
51289,5128,512
5130,5130,513
5131,5131,513
514,514,514
515,515,515
5160,5160,516
5161,5161,516
5162,5162,516
5163,5163,516
51631,5163,516
51632,5163,516
51633,5163,516
51634,5163,516
51635,5163,516
51636,5163,516
51637,5163,516
5164,5164,516
5165,5165,516
5168,5168,516
5172,5172,517
5173,5173,517
5178,5178,517
5180,5180,518
5181,5181,518
5183,5183,518
5184,5184,518
5185,5185,518
51851,5185,518
51852,5185,518
51853,5185,518
5186,5186,518
5187,5187,518
51881,5188,518
51882,5188,518
51883,5188,518
51884,5188,518
51889,5188,518
51901,5190,519
51902,5190,519
51909,5190,519
51911,5191,519
51919,5191,519
5192,5192,519
5193,5193,519
5194,5194,519
5198,5198,519
5199,5199,519
5200,5200,520
5206,5206,520
5207,5207,520
5209,5209,520
52100,5210,521
52103,5210,521
52108,5210,521
52109,5210,521
52110,5211,521
52181,5218,521
52189,5218,521
5221,5221,522
5224,5224,522
5225,5225,522
5226,5226,522
5227,5227,522
5228,5228,522
5229,5229,522
52300,5230,523
52301,5230,523
52310,5231,523
52330,5233,523
52331,5233,523
52333,5233,523
52340,5234,523
52342,5234,523
5235,5235,523
5238,5238,523
5239,5239,523
52400,5240,524
52404,5240,524
52410,5241,524
52430,5243,524
52434,5243,524
5244,5244,524
52460,5246,524
52462,5246,524
52463,5246,524
52469,5246,524
52489,5248,524
5249,5249,524
52510,5251,525
52511,5251,525
52519,5251,525
52520,5252,525
5253,5253,525
52540,5254,525
52550,5255,525
52563,5256,525
52571,5257,525
52579,5257,525
5258,5258,525
5259,5259,525
5260,5260,526
5262,5262,526
5264,5264,526
5265,5265,526
52681,5268,526
52689,5268,526
5269,5269,526
5270,5270,527
5271,5271,527
5272,5272,527
5273,5273,527
5275,5275,527
5276,5276,527
5277,5277,527
5278,5278,527
5279,5279,527
52800,5280,528
52801,5280,528
52802,5280,528
52809,5280,528
5282,5282,528
5283,5283,528
5284,5284,528
5285,5285,528
5286,5286,528
52879,5287,528
5288,5288,528
5289,5289,528
5290,5290,529
5291,5291,529
5293,5293,529
5295,5295,529
5296,5296,529
5298,5298,529
5299,5299,529
5300,5300,530
53010,5301,530
53011,5301,530
53012,5301,530
53013,5301,530
53019,5301,530
53020,5302,530
53021,5302,530
5303,5303,530
5304,5304,530
5305,5305,530
5306,5306,530
5307,5307,530
53081,5308,530
53082,5308,530
53084,5308,530
53085,5308,530
53087,5308,530
53089,5308,530
5309,5309,530
53100,5310,531
53101,5310,531
53110,5311,531
53111,5311,531
53120,5312,531
53130,5313,531
53140,5314,531
53141,5314,531
53150,5315,531
53151,5315,531
53160,5316,531
53161,5316,531
53170,5317,531
53171,5317,531
53190,5319,531
53191,5319,531
53200,5320,532
53201,5320,532
53210,5321,532
53211,5321,532
53220,5322,532
53230,5323,532
53231,5323,532
53240,5324,532
53241,5324,532
53250,5325,532
53251,5325,532
53260,5326,532
53261,5326,532
53270,5327,532
53271,5327,532
53290,5329,532
53291,5329,532
53300,5330,533
53310,5331,533
53311,5331,533
53340,5334,533
53341,5334,533
53350,5335,533
53370,5337,533
53390,5339,533
53391,5339,533
53400,5340,534
53401,5340,534
53410,5341,534
53430,5343,534
53431,5343,534
53440,5344,534
53441,5344,534
53450,5345,534
53460,5346,534
53470,5347,534
53471,5347,534
53490,5349,534
53491,5349,534
53500,5350,535
53501,5350,535
53510,5351,535
53511,5351,535
53520,5352,535
53530,5353,535
53531,5353,535
53540,5354,535
53541,5354,535
53550,5355,535
53551,5355,535
53560,5356,535
53561,5356,535
53570,5357,535
5360,5360,536
5361,5361,536
5362,5362,536
5363,5363,536
53640,5364,536
53641,5364,536
53642,5364,536
53649,5364,536
5368,5368,536
5369,5369,536
5370,5370,537
5371,5371,537
5372,5372,537
5373,5373,537
5374,5374,537
5375,5375,537
53781,5378,537
53782,5378,537
53783,5378,537
53784,5378,537
53789,5378,537
5379,5379,537
538,538,538
53901,5390,539
53909,5390,539
53981,5398,539
53989,5398,539
5400,5400,540
5401,5401,540
5409,5409,540
541,541,541
542,542,542
5430,5430,543
5439,5439,543
55000,5500,550
55001,5500,550
55010,5501,550
55011,5501,550
55012,5501,550
55013,5501,550
55090,5509,550
55091,5509,550
55092,5509,550
55093,5509,550
55100,5510,551
5511,5511,551
55120,5512,551
55121,5512,551
5513,5513,551
5518,5518,551
5519,5519,551
55200,5520,552
55201,5520,552
55202,5520,552
5521,5521,552
55220,5522,552
55221,5522,552
55229,5522,552
5523,5523,552
5528,5528,552
5529,5529,552
55300,5530,553
55302,5530,553
55303,5530,553
5531,5531,553
55320,5532,553
55321,5532,553
55329,5532,553
5533,5533,553
5538,5538,553
5539,5539,553
5550,5550,555
5551,5551,555
5552,5552,555
5559,5559,555
5560,5560,556
5561,5561,556
5562,5562,556
5563,5563,556
5564,5564,556
5565,5565,556
5566,5566,556
5568,5568,556
5569,5569,556
5570,5570,557
5571,5571,557
5579,5579,557
5581,5581,558
5582,5582,558
5583,5583,558
55841,5584,558
55842,5584,558
5589,5589,558
5600,5600,560
5601,5601,560
5602,5602,560
56031,5603,560
56032,5603,560
56039,5603,560
56081,5608,560
56089,5608,560
5609,5609,560
56200,5620,562
56201,5620,562
56202,5620,562
56210,5621,562
56211,5621,562
56212,5621,562
56213,5621,562
56400,5640,564
56401,5640,564
56402,5640,564
56409,5640,564
5641,5641,564
5642,5642,564
5643,5643,564
5644,5644,564
5645,5645,564
5646,5646,564
5647,5647,564
56481,5648,564
56489,5648,564
5649,5649,564
5650,5650,565
5651,5651,565
566,566,566
5670,5670,567
5671,5671,567
56721,5672,567
56722,5672,567
56723,5672,567
56729,5672,567
56731,5673,567
56738,5673,567
56739,5673,567
56781,5678,567
56782,5678,567
56789,5678,567
5679,5679,567
5680,5680,568
56881,5688,568
56882,5688,568
56889,5688,568
5689,5689,568
5690,5690,569
5691,5691,569
5692,5692,569
5693,5693,569
56941,5694,569
56942,5694,569
56943,5694,569
56944,5694,569
56949,5694,569
5695,5695,569
56960,5696,569
56961,5696,569
56962,5696,569
56969,5696,569
56971,5697,569
56979,5697,569
56981,5698,569
56982,5698,569
56983,5698,569
56984,5698,569
56985,5698,569
56986,5698,569
56987,5698,569
56989,5698,569
5699,5699,569
570,570,570
5710,5710,571
5711,5711,571
5712,5712,571
5713,5713,571
57140,5714,571
57142,5714,571
57149,5714,571
5715,5715,571
5716,5716,571
5718,5718,571
5719,5719,571
5720,5720,572
5721,5721,572
5722,5722,572
5723,5723,572
5724,5724,572
5728,5728,572
5730,5730,573
5731,5731,573
5732,5732,573
5733,5733,573
5734,5734,573
5735,5735,573
5738,5738,573
5739,5739,573
57400,5740,574
57401,5740,574
57410,5741,574
57411,5741,574
57420,5742,574
57421,5742,574
57430,5743,574
57431,5743,574
57440,5744,574
57441,5744,574
57450,5745,574
57451,5745,574
57460,5746,574
57461,5746,574
57470,5747,574
57471,5747,574
57480,5748,574
57481,5748,574
57490,5749,574
57491,5749,574
5750,5750,575
57510,5751,575
57511,5751,575
57512,5751,575
5752,5752,575
5753,5753,575
5754,5754,575
5755,5755,575
5756,5756,575
5758,5758,575
5759,5759,575
5760,5760,576
5761,5761,576
5762,5762,576
5763,5763,576
5764,5764,576
5765,5765,576
5768,5768,576
5769,5769,576
5770,5770,577
5771,5771,577
5772,5772,577
5778,5778,577
5779,5779,577
5780,5780,578
5781,5781,578
5789,5789,578
5790,5790,579
5791,5791,579
5793,5793,579
5794,5794,579
5798,5798,579
5799,5799,579
5800,5800,580
5804,5804,580
58081,5808,580
58089,5808,580
5809,5809,580
5810,5810,581
5811,5811,581
5812,5812,581
5813,5813,581
58181,5818,581
58189,5818,581
5819,5819,581
5821,5821,582
5822,5822,582
5824,5824,582
58281,5828,582
58289,5828,582
5829,5829,582
5830,5830,583
5831,5831,583
5832,5832,583
5834,5834,583
5836,5836,583
58381,5838,583
58389,5838,583
5839,5839,583
5845,5845,584
5847,5847,584
5848,5848,584
5849,5849,584
5851,5851,585
5852,5852,585
5853,5853,585
5854,5854,585
5855,5855,585
5856,5856,585
5859,5859,585
586,586,586
587,587,587
5880,5880,588
5881,5881,588
58881,5888,588
58889,5888,588
5889,5889,588
5890,5890,589
5891,5891,589
59000,5900,590
59001,5900,590
59010,5901,590
59011,5901,590
5902,5902,590
5903,5903,590
59080,5908,590
59081,5908,590
5909,5909,590
591,591,591
5920,5920,592
5921,5921,592
5929,5929,592
5931,5931,593
5932,5932,593
5933,5933,593
5934,5934,593
5935,5935,593
59370,5937,593
59371,5937,593
59372,5937,593
59373,5937,593
59381,5938,593
59382,5938,593
59389,5938,593
5939,5939,593
5940,5940,594
5941,5941,594
5942,5942,594
5948,5948,594
5949,5949,594
5950,5950,595
5951,5951,595
5952,5952,595
5954,5954,595
59581,5958,595
59582,5958,595
59589,5958,595
5959,5959,595
5960,5960,596
5961,5961,596
5962,5962,596
5963,5963,596
5964,5964,596
59651,5965,596
59652,5965,596
59654,5965,596
59655,5965,596
59659,5965,596
5966,5966,596
5967,5967,596
5968,5968,596
59681,5968,596
59682,5968,596
59683,5968,596
59689,5968,596
5969,5969,596
5970,5970,597
59780,5978,597
59781,5978,597
59789,5978,597
59800,5980,598
5981,5981,598
5982,5982,598
5988,5988,598
5989,5989,598
5990,5990,599
5991,5991,599
5992,5992,599
5993,5993,599
5994,5994,599
5995,5995,599
59960,5996,599
59969,5996,599
5997,5997,599
59970,5997,599
59971,5997,599
59972,5997,599
59981,5998,599
59982,5998,599
59984,5998,599
59989,5998,599
5999,5999,599
60000,6000,600
60001,6000,600
60010,6001,600
60011,6001,600
60020,6002,600
60021,6002,600
6003,6003,600
60090,6009,600
60091,6009,600
6010,6010,601
6011,6011,601
6012,6012,601
6013,6013,601
6018,6018,601
6019,6019,601
6020,6020,602
6021,6021,602
6023,6023,602
6028,6028,602
6029,6029,602
6031,6031,603
6038,6038,603
6039,6039,603
6040,6040,604
60490,6049,604
60499,6049,604
605,605,605
6060,6060,606
6068,6068,606
6069,6069,606
6071,6071,607
6072,6072,607
6073,6073,607
60781,6078,607
60782,6078,607
60783,6078,607
60784,6078,607
60785,6078,607
60789,6078,607
6079,6079,607
6080,6080,608
6081,6081,608
60820,6082,608
6083,6083,608
6084,6084,608
60882,6088,608
60883,6088,608
60884,6088,608
60886,6088,608
60889,6088,608
6089,6089,608
6100,6100,610
6101,6101,610
6102,6102,610
6103,6103,610
6104,6104,610
6108,6108,610
6110,6110,611
6111,6111,611
6113,6113,611
6115,6115,611
6116,6116,611
61171,6117,611
61172,6117,611
61179,6117,611
6118,6118,611
61181,6118,611
61182,6118,611
61183,6118,611
61189,6118,611
6119,6119,611
6120,6120,612
6121,6121,612
6140,6140,614
6141,6141,614
6142,6142,614
6143,6143,614
6144,6144,614
6145,6145,614
6146,6146,614
6148,6148,614
6149,6149,614
6150,6150,615
6151,6151,615
6159,6159,615
6160,6160,616
61610,6161,616
61611,6161,616
6162,6162,616
6163,6163,616
6164,6164,616
61650,6165,616
61681,6168,616
61689,6168,616
6169,6169,616
6170,6170,617
6171,6171,617
6172,6172,617
6173,6173,617
6174,6174,617
6175,6175,617
6176,6176,617
6178,6178,617
6179,6179,617
61800,6180,618
61801,6180,618
61802,6180,618
61803,6180,618
61804,6180,618
61805,6180,618
61809,6180,618
6181,6181,618
6182,6182,618
6183,6183,618
6184,6184,618
6185,6185,618
6186,6186,618
6187,6187,618
61881,6188,618
61882,6188,618
61883,6188,618
61884,6188,618
61889,6188,618
6189,6189,618
6190,6190,619
6191,6191,619
6192,6192,619
6198,6198,619
6200,6200,620
6201,6201,620
6202,6202,620
6203,6203,620
6204,6204,620
6205,6205,620
6208,6208,620
6209,6209,620
6210,6210,621
6212,6212,621
62130,6213,621
62131,6213,621
62132,6213,621
62133,6213,621
62135,6213,621
6214,6214,621
6215,6215,621
6216,6216,621
6218,6218,621
6219,6219,621
6220,6220,622
62210,6221,622
62211,6221,622
62212,6221,622
6222,6222,622
6224,6224,622
6225,6225,622
6226,6226,622
6227,6227,622
6228,6228,622
6229,6229,622
6230,6230,623
6232,6232,623
6233,6233,623
6234,6234,623
6235,6235,623
6237,6237,623
6238,6238,623
6239,6239,623
62402,6240,624
62409,6240,624
6242,6242,624
6243,6243,624
6244,6244,624
6245,6245,624
6246,6246,624
6248,6248,624
6249,6249,624
6250,6250,625
6251,6251,625
6252,6252,625
6253,6253,625
6254,6254,625
6255,6255,625
6256,6256,625
62570,6257,625
62571,6257,625
62579,6257,625
6258,6258,625
6259,6259,625
6260,6260,626
6261,6261,626
6262,6262,626
6264,6264,626
6266,6266,626
6267,6267,626
6268,6268,626
6269,6269,626
6270,6270,627
6271,6271,627
6272,6272,627
6273,6273,627
6274,6274,627
6278,6278,627
6279,6279,627
6280,6280,628
6282,6282,628
6283,6283,628
6284,6284,628
6288,6288,628
6289,6289,628
62920,6292,629
62931,6293,629
62932,6293,629
62981,6298,629
62989,6298,629
6800,6800,680
6801,6801,680
6802,6802,680
6803,6803,680
6804,6804,680
6805,6805,680
6806,6806,680
6807,6807,680
6808,6808,680
6809,6809,680
68100,6810,681
68101,6810,681
68102,6810,681
68110,6811,681
68111,6811,681
6819,6819,681
6820,6820,682
6821,6821,682
6822,6822,682
6823,6823,682
6824,6824,682
6825,6825,682
6826,6826,682
6827,6827,682
6828,6828,682
6829,6829,682
683,683,683
684,684,684
6850,6850,685
6851,6851,685
68600,6860,686
68601,6860,686
68609,6860,686
6861,6861,686
6868,6868,686
6869,6869,686
69010,6901,690
69011,6901,690
69012,6901,690
69018,6901,690
6908,6908,690
6910,6910,691
6918,6918,691
6920,6920,692
6923,6923,692
6924,6924,692
6926,6926,692
69270,6927,692
69271,6927,692
69272,6927,692
69275,6927,692
69279,6927,692
69282,6928,692
69283,6928,692
69289,6928,692
6929,6929,692
6930,6930,693
6931,6931,693
6938,6938,693
6940,6940,694
6941,6941,694
6944,6944,694
6945,6945,694
69460,6946,694
69461,6946,694
6948,6948,694
6949,6949,694
6950,6950,695
6951,6951,695
69510,6951,695
69512,6951,695
69513,6951,695
69514,6951,695
69515,6951,695
69519,6951,695
6952,6952,695
6953,6953,695
6954,6954,695
69550,6955,695
69551,6955,695
69552,6955,695
69553,6955,695
69555,6955,695
69559,6955,695
69581,6958,695
69589,6958,695
6959,6959,695
6960,6960,696
6961,6961,696
6962,6962,696
6963,6963,696
6964,6964,696
6965,6965,696
6970,6970,697
6979,6979,697
6980,6980,698
6981,6981,698
6982,6982,698
6983,6983,698
6984,6984,698
6988,6988,698
6989,6989,698
700,700,700
7010,7010,701
7011,7011,701
7012,7012,701
7013,7013,701
7014,7014,701
7015,7015,701
7018,7018,701
7019,7019,701
7020,7020,702
70211,7021,702
70219,7021,702
7028,7028,702
7030,7030,703
7038,7038,703
7039,7039,703
70400,7040,704
70401,7040,704
70402,7040,704
70409,7040,704
7041,7041,704
70441,7044,704
7048,7048,704
7050,7050,705
7051,7051,705
70521,7052,705
70581,7058,705
70582,7058,705
70583,7058,705
70589,7058,705
7061,7061,706
7062,7062,706
7063,7063,706
7068,7068,706
7069,7069,706
70700,7070,707
70701,7070,707
70702,7070,707
70703,7070,707
70704,7070,707
70705,7070,707
70706,7070,707
70707,7070,707
70709,7070,707
70710,7071,707
70711,7071,707
70712,7071,707
70713,7071,707
70714,7071,707
70715,7071,707
70719,7071,707
70720,7072,707
70721,7072,707
70722,7072,707
70723,7072,707
70724,7072,707
70725,7072,707
7078,7078,707
7079,7079,707
7080,7080,708
7081,7081,708
7082,7082,708
7083,7083,708
7088,7088,708
7089,7089,708
70900,7090,709
70901,7090,709
70909,7090,709
7091,7091,709
7092,7092,709
7093,7093,709
7094,7094,709
7098,7098,709
7099,7099,709
7100,7100,710
7101,7101,710
7102,7102,710
7103,7103,710
7104,7104,710
7108,7108,710
7109,7109,710
71100,7110,711
71101,7110,711
71102,7110,711
71103,7110,711
71104,7110,711
71105,7110,711
71106,7110,711
71107,7110,711
71108,7110,711
71109,7110,711
71110,7111,711
71113,7111,711
71116,7111,711
71117,7111,711
71118,7111,711
71119,7111,711
71120,7112,711
71124,7112,711
71125,7112,711
71126,7112,711
71129,7112,711
71136,7113,711
71140,7114,711
71150,7115,711
71159,7115,711
71167,7116,711
71180,7118,711
71183,7118,711
71186,7118,711
71187,7118,711
71188,7118,711
71189,7118,711
71191,7119,711
71192,7119,711
71193,7119,711
71194,7119,711
71195,7119,711
71196,7119,711
71197,7119,711
71198,7119,711
71213,7121,712
71214,7121,712
71216,7121,712
71218,7121,712
71219,7121,712
71220,7122,712
71221,7122,712
71222,7122,712
71223,7122,712
71224,7122,712
71225,7122,712
71226,7122,712
71227,7122,712
71228,7122,712
71229,7122,712
71230,7123,712
71231,7123,712
71233,7123,712
71234,7123,712
71235,7123,712
71236,7123,712
71237,7123,712
71238,7123,712
71239,7123,712
71287,7128,712
71290,7129,712
71294,7129,712
71296,7129,712
71299,7129,712
7130,7130,713
7131,7131,713
7132,7132,713
7133,7133,713
7135,7135,713
7137,7137,713
7138,7138,713
7140,7140,714
7141,7141,714
7142,7142,714
71430,7143,714
71431,7143,714
71433,7143,714
7144,7144,714
71481,7148,714
71489,7148,714
7149,7149,714
71500,7150,715
71504,7150,715
71509,7150,715
71511,7151,715
71512,7151,715
71513,7151,715
71514,7151,715
71515,7151,715
71516,7151,715
71517,7151,715
71521,7152,715
71524,7152,715
71525,7152,715
71526,7152,715
71527,7152,715
71530,7153,715
71531,7153,715
71532,7153,715
71533,7153,715
71534,7153,715
71535,7153,715
71536,7153,715
71537,7153,715
71538,7153,715
71580,7158,715
71589,7158,715
71590,7159,715
71591,7159,715
71592,7159,715
71593,7159,715
71594,7159,715
71595,7159,715
71596,7159,715
71597,7159,715
71598,7159,715
71610,7161,716
71611,7161,716
71612,7161,716
71613,7161,716
71615,7161,716
71616,7161,716
71617,7161,716
71620,7162,716
71635,7163,716
71636,7163,716
71645,7164,716
71650,7165,716
71651,7165,716
71652,7165,716
71653,7165,716
71654,7165,716
71657,7165,716
71658,7165,716
71659,7165,716
71660,7166,716
71661,7166,716
71663,7166,716
71665,7166,716
71666,7166,716
71667,7166,716
71680,7168,716
71681,7168,716
71682,7168,716
71683,7168,716
71685,7168,716
71687,7168,716
71688,7168,716
71689,7168,716
71690,7169,716
71691,7169,716
71692,7169,716
71693,7169,716
71694,7169,716
71695,7169,716
71696,7169,716
71697,7169,716
71698,7169,716
71699,7169,716
7170,7170,717
7171,7171,717
7172,7172,717
7173,7173,717
71740,7174,717
71742,7174,717
71743,7174,717
71749,7174,717
7175,7175,717
7176,7176,717
7177,7177,717
71781,7178,717
71782,7178,717
71783,7178,717
71785,7178,717
71789,7178,717
7179,7179,717
71801,7180,718
71803,7180,718
71805,7180,718
71808,7180,718
71811,7181,718
71812,7181,718
71817,7181,718
71818,7181,718
71821,7182,718
71824,7182,718
71825,7182,718
71827,7182,718
71828,7182,718
71831,7183,718
71832,7183,718
71833,7183,718
71835,7183,718
71836,7183,718
71837,7183,718
71840,7184,718
71841,7184,718
71842,7184,718
71843,7184,718
71844,7184,718
71845,7184,718
71846,7184,718
71847,7184,718
71848,7184,718
71849,7184,718
71851,7185,718
71852,7185,718
71854,7185,718
71855,7185,718
71856,7185,718
71857,7185,718
71858,7185,718
71859,7185,718
71865,7186,718
71875,7187,718
71880,7188,718
71881,7188,718
71883,7188,718
71884,7188,718
71885,7188,718
71886,7188,718
71887,7188,718
71888,7188,718
71889,7188,718
71891,7189,718
71892,7189,718
71893,7189,718
71894,7189,718
71895,7189,718
71897,7189,718
71898,7189,718
71900,7190,719
71901,7190,719
71902,7190,719
71903,7190,719
71904,7190,719
71905,7190,719
71906,7190,719
71907,7190,719
71908,7190,719
71909,7190,719
71910,7191,719
71911,7191,719
71912,7191,719
71913,7191,719
71915,7191,719
71916,7191,719
71917,7191,719
71918,7191,719
71919,7191,719
71925,7192,719
71926,7192,719
71928,7192,719
71930,7193,719
71933,7193,719
71936,7193,719
71939,7193,719
71940,7194,719
71941,7194,719
71942,7194,719
71943,7194,719
71944,7194,719
71945,7194,719
71946,7194,719
71947,7194,719
71948,7194,719
71949,7194,719
71950,7195,719
71951,7195,719
71952,7195,719
71953,7195,719
71954,7195,719
71955,7195,719
71956,7195,719
71957,7195,719
71958,7195,719
71959,7195,719
71960,7196,719
71961,7196,719
71963,7196,719
71965,7196,719
71966,7196,719
71967,7196,719
7197,7197,719
71981,7198,719
71983,7198,719
71984,7198,719
71985,7198,719
71986,7198,719
71987,7198,719
71989,7198,719
71990,7199,719
71994,7199,719
71995,7199,719
71996,7199,719
71997,7199,719
7200,7200,720
7201,7201,720
7202,7202,720
7209,7209,720
7210,7210,721
7211,7211,721
7212,7212,721
7213,7213,721
72141,7214,721
72142,7214,721
7215,7215,721
7216,7216,721
7217,7217,721
7218,7218,721
72190,7219,721
72191,7219,721
7220,7220,722
72210,7221,722
72211,7221,722
7222,7222,722
72230,7223,722
72231,7223,722
72232,7223,722
7224,7224,722
72251,7225,722
72252,7225,722
7226,7226,722
72270,7227,722
72271,7227,722
72272,7227,722
72273,7227,722
72280,7228,722
72281,7228,722
72282,7228,722
72283,7228,722
72290,7229,722
72291,7229,722
72292,7229,722
72293,7229,722
7230,7230,723
7231,7231,723
7232,7232,723
7234,7234,723
7235,7235,723
7237,7237,723
7238,7238,723
7239,7239,723
72400,7240,724
72401,7240,724
72402,7240,724
72403,7240,724
72409,7240,724
7241,7241,724
7242,7242,724
7243,7243,724
7244,7244,724
7245,7245,724
7246,7246,724
72479,7247,724
7248,7248,724
7249,7249,724
725,725,725
7260,7260,726
72610,7261,726
72611,7261,726
72612,7261,726
72613,7261,726
72619,7261,726
7262,7262,726
72630,7263,726
72631,7263,726
72632,7263,726
72633,7263,726
7265,7265,726
72660,7266,726
72661,7266,726
72664,7266,726
72665,7266,726
72669,7266,726
72670,7267,726
72671,7267,726
72672,7267,726
72673,7267,726
72679,7267,726
7268,7268,726
72690,7269,726
72691,7269,726
72700,7270,727
72702,7270,727
72703,7270,727
72704,7270,727
72705,7270,727
72706,7270,727
72709,7270,727
7271,7271,727
7273,7273,727
72740,7274,727
72741,7274,727
72742,7274,727
72743,7274,727
72751,7275,727
72761,7276,727
72762,7276,727
72763,7276,727
72764,7276,727
72765,7276,727
72766,7276,727
72767,7276,727
72768,7276,727
72769,7276,727
72781,7278,727
72782,7278,727
72783,7278,727
72789,7278,727
7279,7279,727
7280,7280,728
72810,7281,728
72812,7281,728
72813,7281,728
72819,7281,728
7282,7282,728
7283,7283,728
7284,7284,728
7285,7285,728
7286,7286,728
72871,7287,728
72879,7287,728
72882,7288,728
72883,7288,728
72884,7288,728
72885,7288,728
72886,7288,728
72887,7288,728
72888,7288,728
72889,7288,728
7289,7289,728
7290,7290,729
7291,7291,729
7292,7292,729
72930,7293,729
72931,7293,729
72939,7293,729
7294,7294,729
7295,7295,729
7296,7296,729
72971,7297,729
72972,7297,729
72973,7297,729
72979,7297,729
72981,7298,729
72982,7298,729
72989,7298,729
7299,7299,729
72990,7299,729
72991,7299,729
72992,7299,729
72999,7299,729
73000,7300,730
73001,7300,730
73002,7300,730
73003,7300,730
73004,7300,730
73005,7300,730
73006,7300,730
73007,7300,730
73008,7300,730
73009,7300,730
73010,7301,730
73011,7301,730
73012,7301,730
73013,7301,730
73014,7301,730
73015,7301,730
73016,7301,730
73017,7301,730
73018,7301,730
73019,7301,730
73020,7302,730
73021,7302,730
73022,7302,730
73023,7302,730
73024,7302,730
73025,7302,730
73026,7302,730
73027,7302,730
73028,7302,730
73029,7302,730
73033,7303,730
73088,7308,730
73093,7309,730
73096,7309,730
73097,7309,730
73098,7309,730
7310,7310,731
7311,7311,731
7312,7312,731
7313,7313,731
7318,7318,731
7320,7320,732
7321,7321,732
7322,7322,732
7323,7323,732
7324,7324,732
7325,7325,732
7328,7328,732
7329,7329,732
73300,7330,733
73301,7330,733
73302,7330,733
73303,7330,733
73309,7330,733
73310,7331,733
73311,7331,733
73312,7331,733
73313,7331,733
73314,7331,733
73315,7331,733
73316,7331,733
73319,7331,733
73320,7332,733
73321,7332,733
73322,7332,733
73329,7332,733
7333,7333,733
73340,7334,733
73341,7334,733
73342,7334,733
73343,7334,733
73344,7334,733
73345,7334,733
73349,7334,733
7335,7335,733
7336,7336,733
7337,7337,733
73381,7338,733
73382,7338,733
73390,7339,733
73392,7339,733
73393,7339,733
73394,7339,733
73395,7339,733
73396,7339,733
73397,7339,733
73398,7339,733
73399,7339,733
734,734,734
7350,7350,735
7351,7351,735
7352,7352,735
7353,7353,735
7354,7354,735
7355,7355,735
7358,7358,735
7359,7359,735
73600,7360,736
73604,7360,736
73605,7360,736
73606,7360,736
73609,7360,736
7361,7361,736
73620,7362,736
73621,7362,736
73629,7362,736
73630,7363,736
73631,7363,736
73639,7363,736
73641,7364,736
73642,7364,736
7366,7366,736
73670,7367,736
73671,7367,736
73672,7367,736
73673,7367,736
73674,7367,736
73675,7367,736
73676,7367,736
73679,7367,736
73681,7368,736
73689,7368,736
73710,7371,737
73711,7371,737
73712,7371,737
73719,7371,737
73720,7372,737
73729,7372,737
73730,7373,737
73732,7373,737
73733,7373,737
73734,7373,737
73739,7373,737
73740,7374,737
73741,7374,737
73742,7374,737
73743,7374,737
7378,7378,737
7379,7379,737
7380,7380,738
73810,7381,738
73819,7381,738
7382,7382,738
7383,7383,738
7384,7384,738
7385,7385,738
7386,7386,738
7387,7387,738
7388,7388,738
7395,7395,739
74100,7410,741
74101,7410,741
74103,7410,741
74190,7419,741
74193,7419,741
7420,7420,742
7421,7421,742
7422,7422,742
7423,7423,742
7424,7424,742
74253,7425,742
74259,7425,742
7428,7428,742
7429,7429,742
74310,7431,743
74312,7431,743
74320,7432,743
74330,7433,743
74331,7433,743
74335,7433,743
74336,7433,743
74337,7433,743
74339,7433,743
74341,7434,743
74343,7434,743
74345,7434,743
74346,7434,743
74347,7434,743
74349,7434,743
74353,7435,743
74361,7436,743
74362,7436,743
74363,7436,743
74365,7436,743
7439,7439,743
74401,7440,744
74402,7440,744
74405,7440,744
7441,7441,744
74423,7442,744
74429,7442,744
7443,7443,744
74441,7444,744
74442,7444,744
74446,7444,744
74447,7444,744
74484,7448,744
74489,7448,744
7449,7449,744
7450,7450,745
74510,7451,745
74511,7451,745
74512,7451,745
74519,7451,745
7452,7452,745
7453,7453,745
7454,7454,745
7455,7455,745
74560,7456,745
74561,7456,745
74569,7456,745
7458,7458,745
7459,7459,745
74601,7460,746
74602,7460,746
74609,7460,746
7461,7461,746
7462,7462,746
7463,7463,746
7464,7464,746
7465,7465,746
7466,7466,746
7467,7467,746
74681,7468,746
74682,7468,746
74683,7468,746
74684,7468,746
74685,7468,746
74686,7468,746
74687,7468,746
74689,7468,746
7469,7469,746
7470,7470,747
74710,7471,747
74720,7472,747
74721,7472,747
74722,7472,747
74729,7472,747
7473,7473,747
74731,7473,747
74732,7473,747
74739,7473,747
74740,7474,747
74741,7474,747
74742,7474,747
74749,7474,747
7475,7475,747
74760,7476,747
74761,7476,747
74762,7476,747
74763,7476,747
74764,7476,747
74769,7476,747
74781,7478,747
74782,7478,747
74783,7478,747
74789,7478,747
7479,7479,747
7480,7480,748
7481,7481,748
7482,7482,748
7483,7483,748
7484,7484,748
7485,7485,748
74860,7486,748
74869,7486,748
7488,7488,748
7489,7489,748
74900,7490,749
74902,7490,749
74904,7490,749
74910,7491,749
74912,7491,749
74914,7491,749
74920,7492,749
74921,7492,749
74922,7492,749
74923,7492,749
74924,7492,749
7500,7500,750
75010,7501,750
75015,7501,750
75016,7501,750
75019,7501,750
75022,7502,750
75026,7502,750
75027,7502,750
75029,7502,750
7503,7503,750
7504,7504,750
7505,7505,750
7506,7506,750
7507,7507,750
7508,7508,750
7509,7509,750
7510,7510,751
7511,7511,751
7512,7512,751
7513,7513,751
7514,7514,751
7515,7515,751
75160,7516,751
75161,7516,751
75162,7516,751
75169,7516,751
7517,7517,751
7518,7518,751
7519,7519,751
7520,7520,752
75211,7521,752
75219,7521,752
7522,7522,752
7523,7523,752
75231,7523,752
75233,7523,752
75234,7523,752
75235,7523,752
75236,7523,752
75239,7523,752
75240,7524,752
75241,7524,752
75242,7524,752
75246,7524,752
75247,7524,752
75249,7524,752
75251,7525,752
75261,7526,752
75262,7526,752
75263,7526,752
75264,7526,752
75265,7526,752
75269,7526,752
7527,7527,752
75281,7528,752
75289,7528,752
7529,7529,752
7530,7530,753
75310,7531,753
75311,7531,753
75312,7531,753
75313,7531,753
75314,7531,753
75315,7531,753
75316,7531,753
75317,7531,753
75319,7531,753
75320,7532,753
75321,7532,753
75322,7532,753
75323,7532,753
75329,7532,753
7533,7533,753
7534,7534,753
7535,7535,753
7536,7536,753
7537,7537,753
7538,7538,753
7539,7539,753
7540,7540,754
7541,7541,754
7542,7542,754
75430,7543,754
75431,7543,754
75432,7543,754
75433,7543,754
75435,7543,754
75440,7544,754
75441,7544,754
75450,7545,754
75451,7545,754
75453,7545,754
75459,7545,754
75460,7546,754
75461,7546,754
75462,7546,754
75469,7546,754
75470,7547,754
75471,7547,754
75479,7547,754
75481,7548,754
75482,7548,754
75489,7548,754
75500,7550,755
75501,7550,755
75502,7550,755
75510,7551,755
75511,7551,755
75513,7551,755
75514,7551,755
75520,7552,755
75521,7552,755
75522,7552,755
75525,7552,755
75529,7552,755
75530,7553,755
75531,7553,755
75534,7553,755
75539,7553,755
7554,7554,755
75550,7555,755
75551,7555,755
75553,7555,755
75555,7555,755
75557,7555,755
75558,7555,755
75559,7555,755
75560,7556,755
75563,7556,755
75564,7556,755
75565,7556,755
75566,7556,755
75567,7556,755
75569,7556,755
7558,7558,755
7559,7559,755
7560,7560,756
75610,7561,756
75611,7561,756
75612,7561,756
75613,7561,756
75614,7561,756
75615,7561,756
75616,7561,756
75617,7561,756
75619,7561,756
7562,7562,756
7563,7563,756
7564,7564,756
75650,7565,756
75651,7565,756
75654,7565,756
75656,7565,756
75659,7565,756
7566,7566,756
75671,7567,756
75672,7567,756
75673,7567,756
75679,7567,756
75681,7568,756
75683,7568,756
75689,7568,756
7569,7569,756
7570,7570,757
7571,7571,757
7572,7572,757
75731,7573,757
75732,7573,757
75733,7573,757
75739,7573,757
7574,7574,757
7575,7575,757
7576,7576,757
7578,7578,757
7579,7579,757
7580,7580,758
7581,7581,758
7582,7582,758
75833,7583,758
75839,7583,758
7584,7584,758
7585,7585,758
7586,7586,758
7587,7587,758
75881,7588,758
7589,7589,758
7590,7590,759
7591,7591,759
7592,7592,759
7593,7593,759
7595,7595,759
7596,7596,759
7597,7597,759
75981,7598,759
75982,7598,759
75983,7598,759
75989,7598,759
7599,7599,759
7600,7600,760
7601,7601,760
7602,7602,760
7603,7603,760
7605,7605,760
76062,7606,760
76063,7606,760
76071,7607,760
76072,7607,760
76073,7607,760
76075,7607,760
76076,7607,760
76077,7607,760
76078,7607,760
76079,7607,760
7608,7608,760
7609,7609,760
7610,7610,761
7611,7611,761
7612,7612,761
7613,7613,761
7615,7615,761
7617,7617,761
7618,7618,761
7619,7619,761
7620,7620,762
7621,7621,762
7622,7622,762
7623,7623,762
7624,7624,762
7625,7625,762
7626,7626,762
7627,7627,762
7628,7628,762
7630,7630,763
7631,7631,763
7632,7632,763
7633,7633,763
7634,7634,763
7635,7635,763
7636,7636,763
7637,7637,763
76381,7638,763
76382,7638,763
76383,7638,763
76384,7638,763
76389,7638,763
76401,7640,764
76402,7640,764
76403,7640,764
76404,7640,764
76405,7640,764
76406,7640,764
76407,7640,764
76408,7640,764
76409,7640,764
76415,7641,764
76416,7641,764
76417,7641,764
76491,7649,764
76492,7649,764
76493,7649,764
76494,7649,764
76495,7649,764
76496,7649,764
76497,7649,764
76498,7649,764
76499,7649,764
76500,7650,765
76501,7650,765
76502,7650,765
76503,7650,765
76504,7650,765
76505,7650,765
76506,7650,765
76507,7650,765
76508,7650,765
76510,7651,765
76511,7651,765
76512,7651,765
76513,7651,765
76514,7651,765
76515,7651,765
76516,7651,765
76517,7651,765
76518,7651,765
76519,7651,765
76520,7652,765
76521,7652,765
76522,7652,765
76523,7652,765
76524,7652,765
76525,7652,765
76526,7652,765
76527,7652,765
76528,7652,765
76529,7652,765
7660,7660,766
7661,7661,766
76621,7662,766
76622,7662,766
7670,7670,767
76711,7671,767
76719,7671,767
7672,7672,767
7673,7673,767
7674,7674,767
7675,7675,767
7676,7676,767
7677,7677,767
7678,7678,767
7682,7682,768
7683,7683,768
7686,7686,768
7687,7687,768
76870,7687,768
76871,7687,768
76872,7687,768
76873,7687,768
769,769,769
7700,7700,770
77010,7701,770
77011,7701,770
77012,7701,770
77014,7701,770
77016,7701,770
77017,7701,770
77018,7701,770
7702,7702,770
7703,7703,770
7704,7704,770
7705,7705,770
7706,7706,770
7707,7707,770
77081,7708,770
77082,7708,770
77083,7708,770
77084,7708,770
77085,7708,770
77087,7708,770
77088,7708,770
77089,7708,770
7709,7709,770
7711,7711,771
7712,7712,771
7714,7714,771
7716,7716,771
7717,7717,771
77181,7718,771
77182,7718,771
77183,7718,771
77189,7718,771
7720,7720,772
77210,7721,772
77211,7721,772
77212,7721,772
77213,7721,772
77214,7721,772
7722,7722,772
7723,7723,772
7724,7724,772
7725,7725,772
7726,7726,772
7728,7728,772
7729,7729,772
7730,7730,773
7731,7731,773
7732,7732,773
7740,7740,774
7742,7742,774
77430,7743,774
77431,7743,774
77439,7743,774
7744,7744,774
7745,7745,774
7746,7746,774
7747,7747,774
7750,7750,775
7751,7751,775
7753,7753,775
7754,7754,775
7755,7755,775
7756,7756,775
7757,7757,775
77581,7758,775
77589,7758,775
7759,7759,775
7760,7760,776
7761,7761,776
7762,7762,776
7763,7763,776
7764,7764,776
7765,7765,776
7766,7766,776
7767,7767,776
7768,7768,776
7771,7771,777
7773,7773,777
7774,7774,777
7775,7775,777
77750,7775,777
77751,7775,777
77752,7775,777
77753,7775,777
7776,7776,777
7778,7778,777
7780,7780,778
7781,7781,778
7782,7782,778
7783,7783,778
7784,7784,778
7785,7785,778
7786,7786,778
7787,7787,778
7788,7788,778
7789,7789,778
7790,7790,779
7792,7792,779
7793,7793,779
77931,7793,779
77932,7793,779
77933,7793,779
77934,7793,779
7794,7794,779
7795,7795,779
7797,7797,779
77981,7798,779
77982,7798,779
77984,7798,779
77985,7798,779
77989,7798,779
7799,7799,779